변수명,구성개념,N유효,결측,최소,최대,평균,SD,값라벨,비고
ID,,318,0,1.0,318.0,159.5,91.943,,
리더십1,임파워링 리더십,318,0,1.0,5.0,3.591,0.945,,"12문항, 4차원(직무의미/의사결정참여/관료주의타파[자율지지]/성과확신)"
리더십2,임파워링 리더십,318,0,1.0,5.0,3.604,0.963,,"12문항, 4차원(직무의미/의사결정참여/관료주의타파[자율지지]/성과확신)"
리더십3,임파워링 리더십,318,0,1.0,5.0,3.619,1.016,,"12문항, 4차원(직무의미/의사결정참여/관료주의타파[자율지지]/성과확신)"
리더십4,임파워링 리더십,318,0,1.0,5.0,3.613,1.059,,"12문항, 4차원(직무의미/의사결정참여/관료주의타파[자율지지]/성과확신)"
리더십5,임파워링 리더십,318,0,1.0,5.0,3.487,1.097,,"12문항, 4차원(직무의미/의사결정참여/관료주의타파[자율지지]/성과확신)"
리더십6,임파워링 리더십,318,0,1.0,5.0,3.632,1.014,,"12문항, 4차원(직무의미/의사결정참여/관료주의타파[자율지지]/성과확신)"
리더십7,임파워링 리더십,318,0,1.0,5.0,3.783,0.923,,"12문항, 4차원(직무의미/의사결정참여/관료주의타파[자율지지]/성과확신)"
리더십8,임파워링 리더십,318,0,1.0,5.0,3.491,1.035,,"12문항, 4차원(직무의미/의사결정참여/관료주의타파[자율지지]/성과확신)"
리더십9,임파워링 리더십,318,0,1.0,5.0,3.626,0.931,,"12문항, 4차원(직무의미/의사결정참여/관료주의타파[자율지지]/성과확신)"
리더십10,임파워링 리더십,318,0,1.0,5.0,3.805,0.87,,"12문항, 4차원(직무의미/의사결정참여/관료주의타파[자율지지]/성과확신)"
리더십11,임파워링 리더십,318,0,1.0,5.0,3.83,0.804,,"12문항, 4차원(직무의미/의사결정참여/관료주의타파[자율지지]/성과확신)"
리더십12,임파워링 리더십,318,0,1.0,5.0,3.862,0.794,,"12문항, 4차원(직무의미/의사결정참여/관료주의타파[자율지지]/성과확신)"
일의의미1,일의 의미,318,0,1.0,5.0,3.409,0.938,,10문항 중 3번 제외 후 9문항 사용
일의의미2,일의 의미,318,0,1.0,5.0,3.585,0.984,,10문항 중 3번 제외 후 9문항 사용
일의의미3,일의 의미,318,0,1.0,5.0,3.101,1.012,,10문항 중 3번 제외 후 9문항 사용
일의의미4,일의 의미,318,0,1.0,5.0,3.538,0.78,,10문항 중 3번 제외 후 9문항 사용
일의의미5,일의 의미,318,0,1.0,5.0,3.535,0.839,,10문항 중 3번 제외 후 9문항 사용
일의의미6,일의 의미,318,0,1.0,5.0,3.362,0.962,,10문항 중 3번 제외 후 9문항 사용
일의의미7,일의 의미,318,0,1.0,5.0,3.39,0.975,,10문항 중 3번 제외 후 9문항 사용
일의의미8,일의 의미,318,0,1.0,5.0,3.368,0.998,,10문항 중 3번 제외 후 9문항 사용
일의의미9,일의 의미,318,0,1.0,5.0,3.428,0.959,,10문항 중 3번 제외 후 9문항 사용
일의의미10,일의 의미,318,0,1.0,5.0,3.358,1.003,,10문항 중 3번 제외 후 9문항 사용
주인의식1,심리적 주인의식,318,0,1.0,5.0,3.456,0.846,,"9문항(책임감 1-3, 소속감·자기정체성 4-9)"
주인의식2,심리적 주인의식,318,0,1.0,5.0,3.418,0.88,,"9문항(책임감 1-3, 소속감·자기정체성 4-9)"
주인의식3,심리적 주인의식,318,0,1.0,5.0,3.346,0.933,,"9문항(책임감 1-3, 소속감·자기정체성 4-9)"
주인의식4,심리적 주인의식,318,0,1.0,5.0,3.453,1.018,,"9문항(책임감 1-3, 소속감·자기정체성 4-9)"
주인의식5,심리적 주인의식,318,0,1.0,5.0,2.77,1.157,,"9문항(책임감 1-3, 소속감·자기정체성 4-9)"
주인의식6,심리적 주인의식,318,0,1.0,5.0,3.208,1.127,,"9문항(책임감 1-3, 소속감·자기정체성 4-9)"
주인의식7,심리적 주인의식,318,0,1.0,5.0,3.343,1.172,,"9문항(책임감 1-3, 소속감·자기정체성 4-9)"
주인의식8,심리적 주인의식,318,0,1.0,5.0,3.204,1.05,,"9문항(책임감 1-3, 소속감·자기정체성 4-9)"
주인의식9,심리적 주인의식,318,0,1.0,5.0,3.349,1.045,,"9문항(책임감 1-3, 소속감·자기정체성 4-9)"
조직지원1,조직지원인식,318,0,1.0,5.0,3.34,1.001,,8문항 중 6번 제외 후 7문항 사용
조직지원2,조직지원인식,318,0,1.0,5.0,3.22,1.099,,8문항 중 6번 제외 후 7문항 사용
조직지원3,조직지원인식,318,0,1.0,5.0,3.223,1.102,,8문항 중 6번 제외 후 7문항 사용
조직지원4,조직지원인식,318,0,1.0,5.0,3.302,0.911,,8문항 중 6번 제외 후 7문항 사용
조직지원5,조직지원인식,318,0,1.0,5.0,3.506,0.939,,8문항 중 6번 제외 후 7문항 사용
조직지원6,조직지원인식,318,0,1.0,5.0,2.748,1.051,,8문항 중 6번 제외 후 7문항 사용
조직지원7,조직지원인식,318,0,1.0,5.0,3.267,1.011,,8문항 중 6번 제외 후 7문항 사용
조직지원8,조직지원인식,318,0,1.0,5.0,3.299,1.015,,8문항 중 6번 제외 후 7문항 사용
혁신행동1,혁신행동,318,0,1.0,5.0,3.654,0.848,,"9문항(창출 1-3, 전파·구현 4-9)"
혁신행동2,혁신행동,318,0,1.0,5.0,3.811,0.849,,"9문항(창출 1-3, 전파·구현 4-9)"
혁신행동3,혁신행동,318,0,1.0,5.0,3.591,0.831,,"9문항(창출 1-3, 전파·구현 4-9)"
혁신행동4,혁신행동,318,0,1.0,5.0,3.516,0.915,,"9문항(창출 1-3, 전파·구현 4-9)"
혁신행동5,혁신행동,318,0,1.0,5.0,3.535,0.955,,"9문항(창출 1-3, 전파·구현 4-9)"
혁신행동6,혁신행동,318,0,1.0,5.0,3.387,0.985,,"9문항(창출 1-3, 전파·구현 4-9)"
혁신행동7,혁신행동,318,0,1.0,5.0,3.547,0.934,,"9문항(창출 1-3, 전파·구현 4-9)"
혁신행동8,혁신행동,318,0,1.0,5.0,3.541,0.918,,"9문항(창출 1-3, 전파·구현 4-9)"
혁신행동9,혁신행동,318,0,1.0,5.0,3.676,0.905,,"9문항(창출 1-3, 전파·구현 4-9)"
@성별,,318,0,0.0,1.0,0.44,0.497,"{0.0: '여성', 1.0: '남성'}",
@연령,,318,0,22.0,69.0,39.233,9.986,,
연령대,,318,0,1.0,4.0,2.437,0.98,,
@학력,,318,0,1.0,6.0,3.855,1.457,,
직급,,318,0,1.0,5.0,2.538,1.27,,
@현직장근속통합,,318,0,1.0,4.0,2.094,0.955,,
현직장근속년,,318,0,0.0,6.0,1.745,1.704,,
현직장근속개월,,309,9,0.0,11.0,4.408,3.214,,
직원수,,318,0,1.0,5.0,1.764,1.038,,
사업시작년,,318,0,2019.0,2026.0,2022.189,2.078,,
사업시작개월,,318,0,1.0,12.0,5.638,3.345,,
사업분야,,318,0,1.0,8.0,3.006,2.096,,
리더십합계,,318,0,1.0,5.0,3.662,0.728,,
리더십_직무,,318,0,1.0,5.0,3.605,0.892,,
리더십_의사,,318,0,1.0,5.0,3.578,0.954,,
리더십_관료,,318,0,1.0,5.0,3.633,0.823,,
리더십_성과,,318,0,1.0,5.0,3.832,0.711,,
일의의미합계,,318,0,1.2222222222222223,5.0,3.441,0.773,,
주인의식합계,,318,0,1.0,4.777777777777778,3.283,0.775,,
주인의식_책임,,318,0,1.0,5.0,3.407,0.757,,
주인의식_소속자기,,318,0,1.0,5.0,3.221,0.929,,
조직지원합계,,318,0,1.0,5.0,3.308,0.789,,
혁신행동합계,,318,0,1.0,5.0,3.584,0.747,,
혁신행동_창출,,318,0,1.0,5.0,3.686,0.731,,
혁신행동_전파구현,,318,0,1.0,5.0,3.534,0.812,,
Z리더십합계,,318,0,-3.6566549244191937,1.8380468639579044,-0.0,1.0,,
Z조직지원합계,,318,0,-2.925366386917102,2.144205880328877,-0.0,1.0,,
Z리더십x조직지원,,318,0,-0.9847361852575038,10.03499553317495,0.771,1.317,,
