"모형","변수","B","SE","t","p","CI하한","CI상한","R2","F","모형p"
"총효과모형 Y~X+C","(Intercept)",1.1504,0.2167,5.309,0,0.7241,1.5768,0.4178,44.774,0
"총효과모형 Y~X+C","X",0.6247,0.0453,13.782,0,0.5355,0.7139,0.4178,44.774,0
"총효과모형 Y~X+C","성별",0.1719,0.0752,2.287,0.0229,0.024,0.3198,0.4178,44.774,0
"총효과모형 Y~X+C","연령",9e-04,0.0037,0.236,0.8132,-0.0064,0.0082,0.4178,44.774,0
"총효과모형 Y~X+C","학력",0.0268,0.0224,1.198,0.2317,-0.0172,0.0708,0.4178,44.774,0
"총효과모형 Y~X+C","재직",-0.0322,0.036,-0.895,0.3717,-0.1029,0.0386,0.4178,44.774,0
"M1모형 일의의미~X+C","(Intercept)",0.6501,0.2175,2.99,0.003,0.2223,1.078,0.4523,51.536,0
"M1모형 일의의미~X+C","X",0.6817,0.0455,14.984,0,0.5921,0.7712,0.4523,51.536,0
"M1모형 일의의미~X+C","성별",0.081,0.0754,1.074,0.2838,-0.0674,0.2294,0.4523,51.536,0
"M1모형 일의의미~X+C","연령",0.0043,0.0037,1.164,0.2455,-0.003,0.0117,0.4523,51.536,0
"M1모형 일의의미~X+C","학력",0.0277,0.0224,1.236,0.2175,-0.0164,0.0719,0.4523,51.536,0
"M1모형 일의의미~X+C","재직",-0.0086,0.0361,-0.238,0.8118,-0.0796,0.0624,0.4523,51.536,0
"M2모형 주인의식~X+C","(Intercept)",0.3162,0.1954,1.618,0.1067,-0.0683,0.7007,0.56,79.403,0
"M2모형 주인의식~X+C","X",0.738,0.0409,18.051,0,0.6575,0.8184,0.56,79.403,0
"M2모형 주인의식~X+C","성별",0.183,0.0678,2.699,0.0073,0.0496,0.3164,0.56,79.403,0
"M2모형 주인의식~X+C","연령",0.0059,0.0034,1.749,0.0813,-7e-04,0.0125,0.56,79.403,0
"M2모형 주인의식~X+C","학력",-0.0419,0.0202,-2.076,0.0387,-0.0816,-0.0022,0.56,79.403,0
"M2모형 주인의식~X+C","재직",0.055,0.0324,1.696,0.091,-0.0088,0.1188,0.56,79.403,0
"Y모형 Y~X+M1+M2+C","(Intercept)",0.7898,0.1706,4.629,0,0.4541,1.1256,0.6512,82.69,0
"Y모형 Y~X+M1+M2+C","X",0.0787,0.052,1.513,0.1312,-0.0236,0.1811,0.6512,82.69,0
"Y모형 Y~X+M1+M2+C","M1",0.3537,0.0511,6.923,0,0.2532,0.4542,0.6512,82.69,0
"Y모형 Y~X+M1+M2+C","M2",0.4131,0.0568,7.267,0,0.3013,0.525,0.6512,82.69,0
"Y모형 Y~X+M1+M2+C","성별",0.0677,0.0591,1.146,0.2527,-0.0485,0.1839,0.6512,82.69,0
"Y모형 Y~X+M1+M2+C","연령",-0.0031,0.0029,-1.061,0.2894,-0.0088,0.0026,0.6512,82.69,0
"Y모형 Y~X+M1+M2+C","학력",0.0343,0.0177,1.939,0.0534,-5e-04,0.0691,0.6512,82.69,0
"Y모형 Y~X+M1+M2+C","재직",-0.0519,0.0281,-1.843,0.0662,-0.1072,0.0035,0.6512,82.69,0
