"DV","변수","B","SE","t","p"
"M1","(Intercept)",3.0997,0.159,19.49,0
"M1","성별",0.0553,0.0736,0.751,0.4533
"M1","연령",0.004,0.0036,1.101,0.2718
"M1","학력",0.0396,0.022,1.801,0.0726
"M1","재직",-0.0129,0.0352,-0.365,0.7151
"M1","ZX",0.3485,0.0507,6.873,0
"M1","ZW",0.2189,0.0508,4.308,0
"M1","ZXW",0.0441,0.026,1.698,0.0906
"M2","(Intercept)",2.9522,0.1252,23.582,0
"M2","성별",0.132,0.058,2.278,0.0234
"M2","연령",0.0057,0.0029,1.99,0.0475
"M2","학력",-0.0198,0.0173,-1.142,0.2545
"M2","재직",0.0431,0.0277,1.555,0.1209
"M2","ZX",0.222,0.0399,5.563,0
"M2","ZW",0.4369,0.04,10.925,0
"M2","ZXW",0.0451,0.0205,2.206,0.0281
