"","EL직무","EL의사","EL자율","EL성과","MW","PO책임","PO소속","POS","IB창출","IB전파구현"
"EL직무",1,0.739,0.758,0.605,0.632,0.375,0.644,0.735,0.465,0.471
"EL의사",0.739,1,0.838,0.751,0.629,0.5,0.691,0.749,0.556,0.628
"EL자율",0.758,0.838,1,0.87,0.651,0.554,0.753,0.797,0.607,0.674
"EL성과",0.605,0.751,0.87,1,0.62,0.536,0.622,0.665,0.618,0.634
"MW",0.632,0.629,0.651,0.62,1,0.547,0.789,0.676,0.714,0.776
"PO책임",0.375,0.5,0.554,0.536,0.547,1,0.564,0.581,0.568,0.62
"PO소속",0.644,0.691,0.753,0.622,0.789,0.564,1,0.856,0.686,0.769
"POS",0.735,0.749,0.797,0.665,0.676,0.581,0.856,1,0.601,0.656
"IB창출",0.465,0.556,0.607,0.618,0.714,0.568,0.686,0.601,1,0.886
"IB전파구현",0.471,0.628,0.674,0.634,0.776,0.62,0.769,0.656,0.886,1
