"lhs","rhs","est.std","se","pvalue"
"EL","리더십1",0.727,0.0416507289140735,0
"EL","리더십2",0.731,0.0412378293082095,0
"EL","리더십3",0.769,0.0368358336176303,0
"EL","리더십4",0.738,0.0289177794696044,0
"EL","리더십5",0.807,0.0257262740971457,0
"EL","리더십6",0.818,0.0237864533484736,0
"EL","리더십7",0.732,0.0335562751806881,0
"EL","리더십8",0.735,0.0328188380585754,0
"EL","리더십9",0.739,0.0321523218129615,0
"EL","리더십10",0.692,0.0457547080222576,0
"EL","리더십11",0.697,0.0456215063269248,0
"EL","리더십12",0.626,0.0513677684406906,0
"MW","일의의미1",0.824,0.0238168514638719,0
"MW","일의의미2",0.79,0.0256590335076002,0
"MW","일의의미4",0.713,0.0378363183824835,0
"MW","일의의미5",0.73,0.0330023464714455,0
"MW","일의의미6",0.801,0.0256111039005977,0
"MW","일의의미7",0.817,0.0233051806528177,0
"MW","일의의미8",0.831,0.0244943286516335,0
"MW","일의의미9",0.798,0.02534608491255,0
"MW","일의의미10",0.865,0.0186979302352595,0
"PO","주인의식1",0.446,0.0583615307882639,2.24265050974282e-14
"PO","주인의식2",0.55,0.0587294233138594,0
"PO","주인의식3",0.49,0.0657170463319736,9.34807786734382e-14
"PO","주인의식4",0.769,0.033475808065992,0
"PO","주인의식5",0.772,0.0246254832990001,0
"PO","주인의식6",0.813,0.0228301020791419,0
"PO","주인의식7",0.814,0.0244526504931967,0
"PO","주인의식8",0.869,0.0207166388485534,0
"PO","주인의식9",0.817,0.0215020829221399,0
"POS","조직지원1",0.817,0.0293832317737026,0
"POS","조직지원2",0.801,0.0258267327667919,0
"POS","조직지원3",0.496,0.0573628099516842,0
"POS","조직지원4",0.539,0.05879498980524,0
"POS","조직지원5",0.845,0.0208749690594739,0
"POS","조직지원7",0.847,0.0227423639010083,0
"POS","조직지원8",0.854,0.0216092151703912,0
"IB","혁신행동1",0.727,0.0391178438185511,0
"IB","혁신행동2",0.671,0.0432076220455117,0
"IB","혁신행동3",0.769,0.0341990474841988,0
"IB","혁신행동4",0.813,0.0320707842270612,0
"IB","혁신행동5",0.874,0.0161145638993884,0
"IB","혁신행동6",0.821,0.0239943970249561,0
"IB","혁신행동7",0.869,0.0191628747926558,0
"IB","혁신행동8",0.827,0.0257723422677092,0
"IB","혁신행동9",0.818,0.025983114628823,0
