group,score,q1,q2,q3
A,67.8,3.7,3.7,4.7
A,71.6,0.9,2.9,2.9
A,67.6,2.5,1.5,3.5
A,54.6,1.6,4.6,1.6
A,72.2,2.0,4.0,2.0
A,68.6,1.4,4.4,5.4
A,60.7,3.1,1.1,1.1
A,69.6,1.4,2.4,0.4
A,67.9,3.3,3.3,4.3
A,67.4,3.3,1.3,2.3
A,65.2,3.7,0.7,2.7
A,69.4,-0.6,1.4,3.4
A,59.1,2.3,3.3,2.3
A,63.7,4.2,2.2,2.2
A,61.1,2.9,0.9,0.9
A,69.8,2.6,1.6,5.6
A,65.3,0.4,4.4,1.4
A,62.7,3.1,2.1,3.1
A,58.7,3.1,2.1,2.1
A,62.9,3.9,3.9,4.9
A,65.1,1.2,5.2,4.2
A,62.8,1.7,0.7,2.7
A,75.4,6.4,6.4,4.4
A,73.1,4.5,3.5,1.5
A,43.3,0.8,2.8,3.8
A,49.9,4.5,3.5,4.5
A,63.6,0.7,4.7,1.7
A,61.6,5.3,1.3,1.3
A,66.7,1.7,0.7,0.7
A,66.7,2.0,5.0,3.0
B,86.9,5.2,3.2,3.2
B,61.1,2.4,2.4,1.4
B,67.0,5.5,4.5,5.5
B,86.3,0.6,1.6,2.6
B,75.2,3.3,3.3,3.3
B,75.3,5.1,5.1,1.1
B,65.9,1.4,5.4,2.4
B,56.8,1.8,0.8,1.8
B,71.3,0.3,4.3,0.3
B,70.9,2.5,4.5,3.5
B,60.2,0.6,2.6,-0.4
B,64.5,0.2,0.2,1.2
B,69.4,5.0,5.0,4.0
B,62.4,0.9,0.9,2.9
B,69.2,5.0,5.0,3.0
B,70.8,4.0,2.0,4.0
B,70.3,1.7,1.7,2.7
B,65.9,3.3,4.3,4.3
B,74.7,3.5,2.5,0.5
B,77.1,1.3,2.3,4.3
B,72.6,-1.0,3.0,-1.0
B,63.5,4.5,7.5,6.5
B,75.9,0.4,0.4,1.4
B,66.0,2.4,3.4,1.4
B,77.0,3.7,5.7,2.7
B,61.4,4.0,4.0,4.0
B,77.3,1.6,2.6,2.6
B,69.8,3.5,3.5,2.5
B,60.0,2.7,3.7,3.7
B,67.5,2.6,1.6,0.6
C,74.4,2.8,0.8,4.8
C,76.2,5.4,2.4,5.4
C,66.1,3.3,3.3,1.3
C,65.1,4.4,5.4,3.4
C,75.6,3.2,5.2,3.2
C,70.3,1.5,1.5,3.5
C,75.9,0.9,-0.1,-0.1
C,80.1,2.8,4.8,2.8
C,60.8,2.3,3.3,4.3
C,76.0,2.8,4.8,4.8
C,83.8,1.1,5.1,3.1
C,71.6,1.6,2.6,1.6
C,67.5,1.1,5.1,5.1
C,80.0,2.2,4.2,1.2
C,76.0,2.4,3.4,1.4
C,81.2,2.5,2.5,4.5
C,71.2,2.4,3.4,4.4
C,62.1,1.8,1.8,2.8
C,73.1,3.5,3.5,2.5
C,70.4,1.9,2.9,0.9
C,80.2,4.6,0.6,0.6
C,75.5,2.4,0.4,4.4
C,61.0,1.1,1.1,5.1
C,64.4,4.8,2.8,0.8
C,81.1,6.2,4.2,5.2
C,79.4,4.0,5.0,3.0
C,68.9,1.3,4.3,4.3
C,74.0,4.8,2.8,1.8
C,77.6,3.8,2.8,3.8
C,77.7,5.1,5.1,5.1
